,angry person,confused person,fear person,gloomy person,happy person,sad person,surprised person,tired person,tranquil person
0,0.jpg,0.jpg,0.jpg,0.jpg,0.jpg,0.jpg,0.jpg,0.jpg,0.jpg
1,1.jpg,1.jpg,1.jpg,1.jpg,1.jpg,1.jpg,1.jpg,1.jpg,1.jpg
2,10.jpg,10.jpg,10.jpg,10.jpg,10.jpg,10.jpg,10.jpg,10.jpg,10.jpg
3,11.jpg,11.jpg,11.jpg,11.jpg,11.jpg,11.jpg,11.jpg,11.jpg,11.jpg
4,12.jpg,12.jpg,12.jpg,12.jpg,12.jpg,12.jpg,12.jpg,12.jpg,12.jpg
5,13.jpg,13.jpg,13.jpg,13.jpg,13.jpg,13.jpg,13.jpg,13.jpg,13.jpg
6,14.jpg,14.jpg,14.jpg,14.jpg,14.jpg,14.jpg,14.jpg,14.jpg,14.jpg
7,15.jpg,15.jpg,15.jpg,15.jpg,15.jpg,15.jpg,15.jpg,15.jpg,15.jpg
8,16.jpg,16.jpg,16.jpg,16.jpg,16.jpg,16.jpg,16.jpg,16.jpg,16.jpg
9,17.jpg,17.jpg,17.jpg,17.jpg,17.jpg,17.jpg,17.jpg,17.jpg,17.jpg
10,18.jpg,18.jpg,18.jpg,18.jpg,18.jpg,18.jpg,18.jpg,18.jpg,18.jpg
11,19.jpg,19.jpg,19.jpg,19.jpg,19.jpg,19.jpg,19.jpg,19.jpg,19.jpg
12,2.jpg,2.jpg,2.jpg,2.jpg,2.jpg,2.jpg,2.jpg,2.jpg,2.jpg
13,20.jpg,20.jpg,20.jpg,20.jpg,20.jpg,20.jpg,20.jpg,20.jpg,20.jpg
14,21.jpg,21.jpg,21.jpg,21.jpg,21.jpg,21.jpg,21.jpg,21.jpg,21.jpg
15,22.jpg,22.jpg,22.jpg,22.jpg,22.jpg,22.jpg,22.jpg,22.jpg,22.jpg
16,23.jpg,23.jpg,23.jpg,23.jpg,23.jpg,23.jpg,23.jpg,23.jpg,23.jpg
17,24.jpg,24.jpg,24.jpg,24.jpg,24.jpg,24.jpg,24.jpg,24.jpg,24.jpg
18,25.jpg,25.jpg,25.jpg,25.jpg,25.jpg,25.jpg,25.jpg,25.jpg,25.jpg
19,26.jpg,26.jpg,26.jpg,26.jpg,26.jpg,26.jpg,26.jpg,26.jpg,26.jpg
20,27.jpg,27.jpg,27.jpg,27.jpg,27.jpg,27.jpg,27.jpg,27.jpg,27.jpg
21,28.jpg,28.jpg,28.jpg,28.jpg,28.jpg,28.jpg,28.jpg,28.jpg,28.jpg
22,29.jpg,29.jpg,29.jpg,29.jpg,29.jpg,29.jpg,29.jpg,29.jpg,29.jpg
23,3.jpg,3.jpg,3.jpg,3.jpg,3.jpg,3.jpg,3.jpg,3.jpg,3.jpg
24,30.jpg,30.jpg,30.jpg,30.jpg,30.jpg,30.jpg,30.jpg,30.jpg,30.jpg
25,31.jpg,31.jpg,31.jpg,31.jpg,31.jpg,31.jpg,31.jpg,31.jpg,31.jpg
26,32.jpg,32.jpg,32.jpg,32.jpg,32.jpg,32.jpg,32.jpg,32.jpg,32.jpg
27,33.jpg,33.jpg,33.jpg,33.jpg,33.jpg,33.jpg,33.jpg,33.jpg,33.jpg
28,34.jpg,34.jpg,34.jpg,34.jpg,34.jpg,34.jpg,34.jpg,34.jpg,34.jpg
29,35.jpg,35.jpg,35.jpg,35.jpg,35.jpg,35.jpg,35.jpg,35.jpg,35.jpg
30,36.jpg,36.jpg,36.jpg,36.jpg,36.jpg,36.jpg,36.jpg,36.jpg,36.jpg
31,37.jpg,37.jpg,37.jpg,37.jpg,37.jpg,37.jpg,37.jpg,37.jpg,37.jpg
32,38.jpg,38.jpg,38.jpg,38.jpg,38.jpg,38.jpg,38.jpg,38.jpg,38.jpg
33,39.jpg,39.jpg,39.jpg,39.jpg,39.jpg,39.jpg,39.jpg,39.jpg,39.jpg
34,4.jpg,4.jpg,4.jpg,4.jpg,4.jpg,4.jpg,4.jpg,4.jpg,4.jpg
35,40.jpg,40.jpg,40.jpg,40.jpg,40.jpg,40.jpg,40.jpg,40.jpg,40.jpg
36,41.jpg,41.jpg,41.jpg,41.jpg,41.jpg,41.jpg,41.jpg,41.jpg,41.jpg
37,42.jpg,42.jpg,42.jpg,42.jpg,42.jpg,42.jpg,42.jpg,43.jpg,42.jpg
38,43.jpg,43.jpg,43.jpg,43.jpg,43.jpg,43.jpg,43.jpg,44.jpg,43.jpg
39,44.jpg,44.jpg,44.jpg,44.jpg,44.jpg,44.jpg,44.jpg,46.jpg,44.jpg
40,45.jpg,45.jpg,45.jpg,45.jpg,45.jpg,45.jpg,45.jpg,47.jpg,45.jpg
41,46.jpg,46.jpg,46.jpg,46.jpg,46.jpg,46.jpg,46.jpg,48.jpg,46.jpg
42,47.jpg,47.jpg,47.jpg,47.jpg,47.jpg,47.jpg,47.jpg,49.jpg,47.jpg
43,48.jpg,48.jpg,48.jpg,48.jpg,48.jpg,48.jpg,48.jpg,5.jpg,48.jpg
44,49.jpg,49.jpg,49.jpg,49.jpg,49.jpg,49.jpg,49.jpg,50.jpg,49.jpg
45,5.jpg,5.jpg,5.jpg,5.jpg,5.jpg,5.jpg,5.jpg,51.jpg,5.jpg
46,50.jpg,50.jpg,50.jpg,50.jpg,50.jpg,50.jpg,50.jpg,52.jpg,50.jpg
47,51.jpg,51.jpg,51.jpg,51.jpg,51.jpg,51.jpg,51.jpg,53.jpg,51.jpg
48,52.jpg,52.jpg,52.jpg,52.jpg,52.jpg,52.jpg,52.jpg,54.jpg,52.jpg
49,53.jpg,53.jpg,53.jpg,53.jpg,53.jpg,53.jpg,53.jpg,55.jpg,53.jpg
50,54.jpg,54.jpg,54.jpg,54.jpg,54.jpg,54.jpg,54.jpg,56.jpg,54.jpg
51,55.jpg,55.jpg,55.jpg,55.jpg,55.jpg,55.jpg,55.jpg,57.jpg,55.jpg
52,56.jpg,56.jpg,56.jpg,57.jpg,56.jpg,56.jpg,56.jpg,58.jpg,56.jpg
53,57.jpg,57.jpg,57.jpg,58.jpg,57.jpg,57.jpg,57.jpg,59.jpg,57.jpg
54,58.jpg,58.jpg,58.jpg,59.jpg,58.jpg,58.jpg,58.jpg,6.jpg,58.jpg
55,59.jpg,59.jpg,59.jpg,6.jpg,59.jpg,59.jpg,59.jpg,60.jpg,59.jpg
56,6.jpg,6.jpg,6.jpg,60.jpg,6.jpg,6.jpg,6.jpg,61.jpg,6.jpg
57,60.jpg,60.jpg,60.jpg,61.jpg,60.jpg,60.jpg,60.jpg,62.jpg,60.jpg
58,61.jpg,61.jpg,61.jpg,62.jpg,61.jpg,61.jpg,61.jpg,63.jpg,62.jpg
59,62.jpg,62.jpg,62.jpg,63.jpg,62.jpg,62.jpg,62.jpg,64.jpg,63.jpg
60,63.jpg,64.jpg,63.jpg,64.jpg,63.jpg,63.jpg,63.jpg,65.jpg,64.jpg
61,64.jpg,65.jpg,64.jpg,65.jpg,64.jpg,64.jpg,64.jpg,66.jpg,65.jpg
62,65.jpg,66.jpg,65.jpg,66.jpg,65.jpg,65.jpg,65.jpg,67.jpg,66.jpg
63,66.jpg,67.jpg,66.jpg,67.jpg,66.jpg,66.jpg,66.jpg,68.jpg,67.jpg
64,67.jpg,68.jpg,67.jpg,68.jpg,67.jpg,67.jpg,67.jpg,69.jpg,68.jpg
65,68.jpg,69.jpg,68.jpg,69.jpg,68.jpg,68.jpg,68.jpg,7.jpg,69.jpg
66,69.jpg,7.jpg,69.jpg,7.jpg,69.jpg,69.jpg,69.jpg,70.jpg,7.jpg
67,7.jpg,70.jpg,7.jpg,70.jpg,7.jpg,7.jpg,7.jpg,71.jpg,70.jpg
68,70.jpg,71.jpg,70.jpg,71.jpg,70.jpg,70.jpg,70.jpg,72.jpg,71.jpg
69,71.jpg,72.jpg,71.jpg,72.jpg,71.jpg,71.jpg,71.jpg,73.jpg,72.jpg
70,72.jpg,73.jpg,72.jpg,73.jpg,72.jpg,72.jpg,72.jpg,74.jpg,73.jpg
71,73.jpg,74.jpg,73.jpg,74.jpg,73.jpg,73.jpg,73.jpg,75.jpg,74.jpg
72,74.jpg,75.jpg,74.jpg,75.jpg,74.jpg,74.jpg,74.jpg,76.jpg,75.jpg
73,75.jpg,76.jpg,75.jpg,76.jpg,75.jpg,75.jpg,75.jpg,77.jpg,76.jpg
74,8.jpg,77.jpg,76.jpg,77.jpg,76.jpg,76.jpg,76.jpg,78.jpg,77.jpg
75,9.jpg,78.jpg,77.jpg,78.jpg,77.jpg,77.jpg,77.jpg,79.jpg,78.jpg
76,NULL,79.jpg,78.jpg,79.jpg,8.jpg,78.jpg,78.jpg,8.jpg,79.jpg
77,NULL,8.jpg,79.jpg,8.jpg,9.jpg,79.jpg,79.jpg,80.jpg,8.jpg
78,NULL,80.jpg,8.jpg,80.jpg,NULL,8.jpg,8.jpg,82.jpg,80.jpg
79,NULL,9.jpg,80.jpg,81.jpg,NULL,80.jpg,80.jpg,83.jpg,81.jpg
80,NULL,NULL,81.jpg,82.jpg,NULL,81.jpg,81.jpg,84.jpg,82.jpg
81,NULL,NULL,82.jpg,83.jpg,NULL,82.jpg,82.jpg,9.jpg,83.jpg
82,NULL,NULL,83.jpg,84.jpg,NULL,83.jpg,83.jpg,NULL,84.jpg
83,NULL,NULL,84.jpg,85.jpg,NULL,84.jpg,84.jpg,NULL,85.jpg
84,NULL,NULL,85.jpg,86.jpg,NULL,85.jpg,85.jpg,NULL,9.jpg
85,NULL,NULL,86.jpg,87.jpg,NULL,86.jpg,86.jpg,NULL,NULL
86,NULL,NULL,87.jpg,88.jpg,NULL,9.jpg,9.jpg,NULL,NULL
87,NULL,NULL,9.jpg,89.jpg,NULL,NULL,NULL,NULL,NULL
88,NULL,NULL,NULL,9.jpg,NULL,NULL,NULL,NULL,NULL
89,NULL,NULL,NULL,90.jpg,NULL,NULL,NULL,NULL,NULL
90,NULL,NULL,NULL,91.jpg,NULL,NULL,NULL,NULL,NULL
91,NULL,NULL,NULL,92.jpg,NULL,NULL,NULL,NULL,NULL
92,NULL,NULL,NULL,93.jpg,NULL,NULL,NULL,NULL,NULL
93,NULL,NULL,NULL,94.jpg,NULL,NULL,NULL,NULL,NULL
94,NULL,NULL,NULL,95.jpg,NULL,NULL,NULL,NULL,NULL
95,NULL,NULL,NULL,96.jpg,NULL,NULL,NULL,NULL,NULL
96,NULL,NULL,NULL,97.jpg,NULL,NULL,NULL,NULL,NULL
